-- --------------------------------------
-- CATEGORIAS
-- --------------------------------------
--educacion
INSERT INTO CATEGORIA(ID,NOMBRE,NIVEL,PADRE_ID,SEQ,CREADO,CREADO_POR,MODIFICADO,MODIFICADO_POR,ESTADO)
VALUES (1,'Escuela Abierta',0,0,0,CURRENT_DATE,'ADMIN',CURRENT_DATE,'ADMIN',1);

INSERT INTO CATEGORIA(ID,NOMBRE,NIVEL,PADRE_ID,SEQ,CREADO,CREADO_POR,MODIFICADO,MODIFICADO_POR,ESTADO)
VALUES (2,'Red de Fortalecimiento y Acreditación de Aprendizajes',0,0,0,CURRENT_DATE,'ADMIN',CURRENT_DATE,'ADMIN',1);

INSERT INTO CATEGORIA(ID,NOMBRE,NIVEL,PADRE_ID,SEQ,CREADO,CREADO_POR,MODIFICADO,MODIFICADO_POR,ESTADO)
VALUES (3,'Ampliá tus conocimientos',0,0,0,CURRENT_DATE,'ADMIN',CURRENT_DATE,'ADMIN',1);

INSERT INTO CATEGORIA(ID,NOMBRE,NIVEL,PADRE_ID,SEQ,CREADO,CREADO_POR,MODIFICADO,MODIFICADO_POR,ESTADO)
VALUES (4,'Espacio Virtual de Apoyo Escolar',0,0,0,CURRENT_DATE,'ADMIN',CURRENT_DATE,'ADMIN',1);


-- deportes
INSERT INTO CATEGORIA(ID,NOMBRE,NIVEL,PADRE_ID,SEQ,CREADO,CREADO_POR,MODIFICADO,MODIFICADO_POR,ESTADO)
VALUES (5,'Clases en el Avellaneda',0,0,0,CURRENT_DATE,'ADMIN',CURRENT_DATE,'ADMIN',1);

INSERT INTO CATEGORIA(ID,NOMBRE,NIVEL,PADRE_ID,SEQ,CREADO,CREADO_POR,MODIFICADO,MODIFICADO_POR,ESTADO)
VALUES (6,'Clases en el Chacabuco',0,0,0,CURRENT_DATE,'ADMIN',CURRENT_DATE,'ADMIN',1);

INSERT INTO CATEGORIA(ID,NOMBRE,NIVEL,PADRE_ID,SEQ,CREADO,CREADO_POR,MODIFICADO,MODIFICADO_POR,ESTADO)
VALUES (7,'Clases en el Sarmiento',0,0,0,CURRENT_DATE,'ADMIN',CURRENT_DATE,'ADMIN',1);

INSERT INTO CATEGORIA(ID,NOMBRE,NIVEL,PADRE_ID,SEQ,CREADO,CREADO_POR,MODIFICADO,MODIFICADO_POR,ESTADO)
VALUES (8,'Clases en el Pomar',0,0,0,CURRENT_DATE,'ADMIN',CURRENT_DATE,'ADMIN',1);


--cultura
INSERT INTO CATEGORIA(ID,NOMBRE,NIVEL,PADRE_ID,SEQ,CREADO,CREADO_POR,MODIFICADO,MODIFICADO_POR,ESTADO)
VALUES (9,'Talleres',0,0,0,CURRENT_DATE,'ADMIN',CURRENT_DATE,'ADMIN',1);

INSERT INTO CATEGORIA(ID,NOMBRE,NIVEL,PADRE_ID,SEQ,CREADO,CREADO_POR,MODIFICADO,MODIFICADO_POR,ESTADO)
VALUES (10,'Cultura Abierta',0,0,0,CURRENT_DATE,'ADMIN',CURRENT_DATE,'ADMIN',1);

INSERT INTO CATEGORIA(ID,NOMBRE,NIVEL,PADRE_ID,SEQ,CREADO,CREADO_POR,MODIFICADO,MODIFICADO_POR,ESTADO)
VALUES (11,'Impulso Cultural',0,0,0,CURRENT_DATE,'ADMIN',CURRENT_DATE,'ADMIN',1);

INSERT INTO CATEGORIA(ID,NOMBRE,NIVEL,PADRE_ID,SEQ,CREADO,CREADO_POR,MODIFICADO,MODIFICADO_POR,ESTADO)
VALUES (12,'Pase Cultural',0,0,0,CURRENT_DATE,'ADMIN',CURRENT_DATE,'ADMIN',1);

INSERT INTO CATEGORIA(ID,NOMBRE,NIVEL,PADRE_ID,SEQ,CREADO,CREADO_POR,MODIFICADO,MODIFICADO_POR,ESTADO)
VALUES (13,'Cultura independiente',0,0,0,CURRENT_DATE,'ADMIN',CURRENT_DATE,'ADMIN',1);


-- Seguridad
INSERT INTO CATEGORIA(ID,NOMBRE,NIVEL,PADRE_ID,SEQ,CREADO,CREADO_POR,MODIFICADO,MODIFICADO_POR,ESTADO)
VALUES (14,'policía',0,0,0,CURRENT_DATE,'ADMIN',CURRENT_DATE,'ADMIN',1);

INSERT INTO CATEGORIA(ID,NOMBRE,NIVEL,PADRE_ID,SEQ,CREADO,CREADO_POR,MODIFICADO,MODIFICADO_POR,ESTADO)
VALUES (15,'bomberos',0,0,0,CURRENT_DATE,'ADMIN',CURRENT_DATE,'ADMIN',1);

INSERT INTO CATEGORIA(ID,NOMBRE,NIVEL,PADRE_ID,SEQ,CREADO,CREADO_POR,MODIFICADO,MODIFICADO_POR,ESTADO)
VALUES (16,'paramedicos',0,0,0,CURRENT_DATE,'ADMIN',CURRENT_DATE,'ADMIN',1);

INSERT INTO CATEGORIA(ID,NOMBRE,NIVEL,PADRE_ID,SEQ,CREADO,CREADO_POR,MODIFICADO,MODIFICADO_POR,ESTADO)
VALUES (17,'gendarmería',0,0,0,CURRENT_DATE,'ADMIN',CURRENT_DATE,'ADMIN',1);


-- medio ambiente
INSERT INTO CATEGORIA(ID,NOMBRE,NIVEL,PADRE_ID,SEQ,CREADO,CREADO_POR,MODIFICADO,MODIFICADO_POR,ESTADO)
VALUES (18,'Ecoparque',0,0,0,CURRENT_DATE,'ADMIN',CURRENT_DATE,'ADMIN',1);

INSERT INTO CATEGORIA(ID,NOMBRE,NIVEL,PADRE_ID,SEQ,CREADO,CREADO_POR,MODIFICADO,MODIFICADO_POR,ESTADO)
VALUES (19,'Jardín Botánico',0,0,0,CURRENT_DATE,'ADMIN',CURRENT_DATE,'ADMIN',1);

INSERT INTO CATEGORIA(ID,NOMBRE,NIVEL,PADRE_ID,SEQ,CREADO,CREADO_POR,MODIFICADO,MODIFICADO_POR,ESTADO)
VALUES (20,'Reserva Ecológica',0,0,0,CURRENT_DATE,'ADMIN',CURRENT_DATE,'ADMIN',1);

INSERT INTO CATEGORIA(ID,NOMBRE,NIVEL,PADRE_ID,SEQ,CREADO,CREADO_POR,MODIFICADO,MODIFICADO_POR,ESTADO)
VALUES (21,'Agencia de Protección Ambiental',0,0,0,CURRENT_DATE,'ADMIN',CURRENT_DATE,'ADMIN',1);



-- --------------------------------------
-- ORGANISMOS
-- --------------------------------------
INSERT INTO ORGANISMO (ID, NOMBRE, CREADO, CREADO_POR, MODIFICADO, MODIFICADO_POR, ESTADO)
VALUES (2,'Educación',CURRENT_DATE,'ADMIN',CURRENT_DATE,'ADMIN',1);

INSERT INTO ORGANISMO (ID, NOMBRE, CREADO, CREADO_POR, MODIFICADO, MODIFICADO_POR, ESTADO)
VALUES (3,'Cultura',CURRENT_DATE,'ADMIN',CURRENT_DATE,'ADMIN',1);

INSERT INTO ORGANISMO (ID, NOMBRE, CREADO, CREADO_POR, MODIFICADO, MODIFICADO_POR, ESTADO)
VALUES (4,'Deportes',CURRENT_DATE,'ADMIN',CURRENT_DATE,'ADMIN',1);

INSERT INTO ORGANISMO (ID, NOMBRE, CREADO, CREADO_POR, MODIFICADO, MODIFICADO_POR, ESTADO)
VALUES (5,'Seguridad',CURRENT_DATE,'ADMIN',CURRENT_DATE,'ADMIN',1);

INSERT INTO ORGANISMO (ID, NOMBRE, CREADO, CREADO_POR, MODIFICADO, MODIFICADO_POR, ESTADO)
VALUES (6,'Medio Ambiente',CURRENT_DATE,'ADMIN',CURRENT_DATE,'ADMIN',1);



-- --------------------------------------
-- ORGANISMO_CATEGORIA
-- --------------------------------------
-- 2,Educación
INSERT INTO ORGANISMO_CATEGORIA(ID,ORGANISMO_ID,CATEGORIA_ID,ESTADO)
VALUES (1,2,1,1);

INSERT INTO ORGANISMO_CATEGORIA(ID,ORGANISMO_ID,CATEGORIA_ID,ESTADO)
VALUES (2,2,2,1);

INSERT INTO ORGANISMO_CATEGORIA(ID,ORGANISMO_ID,CATEGORIA_ID,ESTADO)
VALUES (3,2,3,1);

INSERT INTO ORGANISMO_CATEGORIA(ID,ORGANISMO_ID,CATEGORIA_ID,ESTADO)
VALUES (4,2,4,1);


-- 4,Deportes
INSERT INTO ORGANISMO_CATEGORIA(ID,ORGANISMO_ID,CATEGORIA_ID,ESTADO)
VALUES (5,4,5,1);

INSERT INTO ORGANISMO_CATEGORIA(ID,ORGANISMO_ID,CATEGORIA_ID,ESTADO)
VALUES (6,4,6,1);

INSERT INTO ORGANISMO_CATEGORIA(ID,ORGANISMO_ID,CATEGORIA_ID,ESTADO)
VALUES (7,4,7,1);

INSERT INTO ORGANISMO_CATEGORIA(ID,ORGANISMO_ID,CATEGORIA_ID,ESTADO)
VALUES (8,4,8,1);


-- 3,Cultura
INSERT INTO ORGANISMO_CATEGORIA(ID,ORGANISMO_ID,CATEGORIA_ID,ESTADO)
VALUES (9,3,9,1);

INSERT INTO ORGANISMO_CATEGORIA(ID,ORGANISMO_ID,CATEGORIA_ID,ESTADO)
VALUES (10,3,10,1);

INSERT INTO ORGANISMO_CATEGORIA(ID,ORGANISMO_ID,CATEGORIA_ID,ESTADO)
VALUES (11,3,11,1);

INSERT INTO ORGANISMO_CATEGORIA(ID,ORGANISMO_ID,CATEGORIA_ID,ESTADO)
VALUES (12,3,12,1);

INSERT INTO ORGANISMO_CATEGORIA(ID,ORGANISMO_ID,CATEGORIA_ID,ESTADO)
VALUES (13,3,12,1);




-- 5,Seguridad
INSERT INTO ORGANISMO_CATEGORIA(ID,ORGANISMO_ID,CATEGORIA_ID,ESTADO)
VALUES (14,5,14,1);

INSERT INTO ORGANISMO_CATEGORIA(ID,ORGANISMO_ID,CATEGORIA_ID,ESTADO)
VALUES (15,5,15,1);

INSERT INTO ORGANISMO_CATEGORIA(ID,ORGANISMO_ID,CATEGORIA_ID,ESTADO)
VALUES (16,5,16,1);

INSERT INTO ORGANISMO_CATEGORIA(ID,ORGANISMO_ID,CATEGORIA_ID,ESTADO)
VALUES (17,5,17,1);


-- 6,Medio Ambiente
INSERT INTO ORGANISMO_CATEGORIA(ID,ORGANISMO_ID,CATEGORIA_ID,ESTADO)
VALUES (18,6,18,1);

INSERT INTO ORGANISMO_CATEGORIA(ID,ORGANISMO_ID,CATEGORIA_ID,ESTADO)
VALUES (19,6,19,1);

INSERT INTO ORGANISMO_CATEGORIA(ID,ORGANISMO_ID,CATEGORIA_ID,ESTADO)
VALUES (20,6,20,1);

INSERT INTO ORGANISMO_CATEGORIA(ID,ORGANISMO_ID,CATEGORIA_ID,ESTADO)
VALUES (21,6,21,1);